uuid,prefname,known_names,country
730a1310-bda0-4b1e-8298-d1ac85b99e61,"Addictive and Compulsive Behavior Lab (ACB-Lab), Institute for Health and Behavior, University of Luxembourg, Esch-sur-Alzette","Addictive and Compulsive Behaviour Lab (ACB-Lab), Institute for Health and Behaviour, University of Luxembourg, Esch-sur-Alzette ## Addictive and Compulsive Behaviour Lab (ACB-Lab), Institute for Health and Behaviour, University of Luxembourg, Esch?sur?Alzette ## Addictive and Compulsive Behaviours Lab (ACB-Lab), Institute for Health and Behaviour, Department of Behavioural and Cognitive Sciences, University of Luxembourg ## Addictive and Compulsive Behaviours Lab (ACB-Lab), Institute for Health and Behaviour, University of Luxembourg ## Addictive and Compulsive Behaviours Lab (ACB-Lab), Institute for Health and Behaviour, University of Luxembourg, Esch-sur-Alzette ## Addictive and Compulsive Behaviours Lab, Institute for Health and Behaviour, University of Luxembourg ## Addictive and Compulsive Behaviours Lab, Institute for Health and Behaviour, University of Luxembourg, Esch-sur-Alzette ## Addictive and Compulsive Behaviours Lab. Institute for Health and Behaviour, University of Luxembourg ## Addictive and Compulsive Behaviours Laboratory (ACB-lab), Institute for Health and Behaviours, University of Luxembourg, Esch-sur-Alzette ## Addictive and Compulsive Behaviours Laboratory, Institute for Health and Behaviour, University of Luxembourg, Esch-sur-Alzette ## Addictive and Compulsive Behaviours Laboratory, Institute for Health and Behaviours, University of Luxembourg, Esch-sur-Alzette ## Institute for Health and Behavior, Addictive and Compulsive Behaviours Lab, University of Luxembourg, Esch-sur-Alzette ## University of Luxembourg, Esch-sur-Alzette; Institute for Health and Behaviour; ACB-Lab Addictive and Compulsive Behaviour Lab",LUXEMBOURG
348c4ac4-9422-4fcb-ab83-dcb5fa0a2f1c,Centre de Prévention des Toxicomanies (CePT),"Centre de Prévention des Toxicomanies (CePT) ## Centre de Prévention des Toxicomanies (CePT), Luxemburg ## Centre de Prévention des Toxicomanies, Luxembourg ## Centre de Prévention des Toxicomanies, Luxemburg ## Centre de prévention des toxicomanies (CePT), Luxemburg; Schwerpunkt: Erlebnispädagogik",LUXEMBOURG
2b0e42c0-bd78-452b-bd4d-ce9766fcdacc,Centre Hospitalier de Luxembourg,"Centre Hospitalier de Luxembourg ## Centre Hospitalier de Luxembourg, Luxembourg",LUXEMBOURG
9425b30b-dfde-4665-b35e-4933ee244377,"Centre Hospitalier de Luxembourg, Department of Neurology","Centre Hospitalier de Luxembourg, Luxemburg; Abteilung für Neurologie ## Centre Hospitalier de Luxembourg; Department of Neurology",LUXEMBOURG
c22de612-48f9-4952-9bda-51cea5c88785,"Clinical Psychophysiology Laboratory, Department of Behavioral and Cognitive Sciences, University of Luxembourg, Esch-sur-Alzette","Clinical Psychophysiology Laboratory, Department of Behavioural and Cognitive Sciences, University of Luxembourg, Esch-sur-Alzette ## Department of Behavioural and Cognitive Sciences, Clinical Psychophysiology Laboratory, University of Luxembourg, Esch-Sur-Alzette",LUXEMBOURG
b8bb6e1d-c603-4dbc-8b03-7fa25de32057,"Clinical Psychophysiology Laboratory, Institute for Health and Behavior, Department of Behavioral and Cognitive Sciences, Faculty of Humanities, Education and Social Sciences, University of Luxembourg, Esch-sur-Alzette","Clinical Psychophysiology Laboratory, Institute for Health and Behaviour, Department of Behavioural and Cognitive Sciences, Faculty of Humanities, Education and Social Sciences, University of Luxembourg, Esch-sur-Alzette ## Clinical Psychophysiology Laboratory, Institute for Health and Behaviour, Department of Behavioural and Cognitive Sciences; Faculty of Humanities, Education and Social Sciences; University of Luxembourg, Esch-sur-Alzette",LUXEMBOURG
01ee6027-ec09-4a73-9654-15655797b66d,"Clinical Psychophysiology Laboratory, Institute for Health and Behavior, University of Luxembourg, Esch-sur-Alzette","Clinical Psychophysiology Laboratory (CLIPSLAB), Institute for Health and Behaviour, University of Luxembourg, Esch-sur-Alzette ## Clinical Psychophysiology Laboratory, Institute for Health and Behaviour, University of Luxembourg, Esch-sur- Alzette ## Clinical Psychophysiology Laboratory, Institute for Health and Behaviour, University of Luxembourg, Esch-sur-Alzette ## University of Luxembourg, Esch-sur-Alzette; Institute for Health and Behaviour; Clinical Psychophysiology Laboratory",LUXEMBOURG
e826760a-4a39-4fbf-872f-a5b59d69eed4,"Clinique Pediatrique/CHL, Diabetes and Endocrine Care CP","Clinique Pediatrique/CHL, Diabetes & Endocrine Care CP ## Clinique Pediatrique/CHL, Diabetes & Endocrine Care CP, Luxembourg",LUXEMBOURG
fcb43be1-e3a9-4a97-b376-4ab5f975651d,"Computer Based Assessment, University of Luxembourg","Computer Based Assessment, University of Luxembourg ## Computer-Based Assessment, University of Luxembourg ## University of Luxembourg, Luxembourg; Computer Based Assessment",LUXEMBOURG
d0a8101e-b9fd-416f-9a3b-d6016a82177b,"Computer-Based Assessment Research Group, Department of Behavioral and Cognitive Sciences, University of Luxembourg","Computer-Based Assessment Group, Department of Behavioural and Cognitive Sciences, University of Luxembourg, Esch-sur-Alzette ## Computer-Based Assessment Research Group, Department of Behavioural and Cognitive Sciences, University of Luxembourg",LUXEMBOURG
fb1f92aa-9b3f-45a8-8099-ea645d77db2c,"Computer-Based Assessment, Institute of Cognitive Science and Assessment (COSA), University of Luxembourg","Computer-Based Assessment, Institute of Cognitive Science and Assessment, University of Luxembourg ## University of Luxembourg; Institute of Cognitive Science and Assessment; Computer-Based Assessment Research Area",LUXEMBOURG
e519c4c4-bed4-4265-9b2e-cb54a04f7224,"Department of Behavioral and Cognitive Sciences (DBCS), University of Luxembourg, Esch-sur-Alzette","Cognitive Science and Assessment, Department of Behavioral and Cognitive Sciences, University of Luxembourg, Esch-sur-Alzette ## Cognitive and Behavioural Sciences, University of Luxembourg, Esch-sur-Alzette ## DBCS, University of Luxembourg, Esch-sur-Alzette ## Department of Behavioral & Cognitive Sciences, University of Luxembourg ## Department of Behavioral and Cognitive Science, University of Luxembourg, Esch-sur-Alzette ## Department of Behavioral and Cognitive Sciences (DBCS), University of Luxembourg, Esch-sur-Alzette ## Department of Behavioral and Cognitive Sciences, University of Luxembourg ## Department of Behavioral and Cognitive Sciences, University of Luxembourg, Esch-sur-Alzette ## Department of Behavioral and Cognitive Sciences, Université du Luxembourg, Esch-sur-Alzette ## Department of Behavioural and Cognitive Sciences (DBCS), University of Luxembourg ## Department of Behavioural and Cognitive Sciences, University of Luxembourg ## Department of Behavioural and Cognitive Sciences, University of Luxembourg, Esch-sur-Alzette ## Department of Behavioural and Cognitive Sciences, University of Luxembourg, Esch‑sur‑Alzette ## Department of Behavioural and Cognitive Sciences, University of Luxemburg, Esch-sur-Alzette ## Department of Behavioural and Cognitive Sciences, Universität Luxemburg, Esch-sur-Alzette ## Department of Behavioural and Cognitive Sciences, Université du Luxembourg ## Department of Behavioural and Cognitive Sciences, Université du Luxembourg, Esch-sur-Alzette ## Department of Behavioural and Cognitive Studies, University of Luxembourg, Esch-sur-Alzette ## Department of Cognitive and Behavioral Sciences, University of Luxembourg ## University of Luxembourg, Department of Behavioural and Cognitive Sciences, Esch-sur-Alzette",LUXEMBOURG
38b9ac37-6bef-476b-a8c3-6acad2339a8b,"Department of Behavioral and Cognitive Sciences, Institute for Health and Behavior, University of Luxembourg, Esch-sur-Alzette","Department of Behavioral and Cognitive Sciences, Institute for Health and Behavior, University of Luxembourg, Esch-sur-Alzette ## Department of Behavioural and Cognitive Sciences, Institute for Health and Behavior, University of Luxembourg, Esch-sur-Alzette ## Department of Behavioural and Cognitive Sciences, Institute for Health and Behaviour, University of Luxembourg ## Department of Behavioural and Cognitive Sciences, Institute for Health and Behaviour, University of Luxembourg, Esch-sur-Alzette ## Department of Behavioural and Cognitive Sciences, Institute of Health and Behaviour, University of Luxembourg, Esch-sur-Alzette ## Institute for Health and Behaviour, Department of Behavioural and Cognitive Sciences, University of Luxembourg ## Institute for Health and Behaviour, Department of Behavioural and Cognitive Sciences, University of Luxembourg, Esch-sur-Alzette ## University of Luxembourg, Department of Behavioural and Cognitive Sciences, Institute for Health and Behaviour, Esch-sur-Alzette",LUXEMBOURG
cbba71f8-52b3-4b8d-954b-f88c91ed8514,"Department of Behavioral and Cognitive Sciences, Institute of Cognitive Science and Assessment (COSA), University of Luxembourg, Esch-sur-Alzette","Department of Behavioral and Cognitive Sciences, Institute of Cognitive Science and Assessment, Université du Luxembourg, Esch-sur-Alzette ## Department of Behavioural and Cognitive Sciences, Institute of Cognitive Science & Assessment, University of Luxembourg",LUXEMBOURG
e9aa804b-8975-4d96-b020-27c9b1b19f56,"Department of Behavioral and Cognitive Sciences; Faculty of Humanities, Social and Educational Sciences; Institute of Cognitive Science and Assessment (COSA); University of Luxembourg, Esch-sur-Alzette","Department of Behavioral and Cognitive Sciences; Faculty of Humanities, Social and Educational Sciences; Institute of Cognitive Science and Assessment; Université du Luxembourg, Esch-sur-Alzette ## Department of Behavioural and Cognitive Sciences; Faculty of Humanities, Education and Social Sciences; University of Luxembourg, Esch-sur-Alzette ## Department of Behavioural and Cognitive Sciences; Faculty of Humanities, Education and Social Sciences; University of Luxembourg; Esch-sur-Alzette ## Institute of Cognitive Science and Assessment, Department of Behavioral and Cognitive Sciences, Faculty of Humanities, Social and Educational Sciences, University of Luxembourg, Esch-sur-Alzette ## Institute of Cognitive Science and Assessment; Department of Behavioral and Cognitive Sciences; Faculty of Humanities, Education and Social Sciences; University of Luxembourg ## Institute of Cognitive Science and Assessment; Department of Behavioural and Cognitive Sciences; Faculty of Humanities, Education and Social Sciences; University of Luxembourg, Esch-Belval, Esch-sur-Alzette",LUXEMBOURG
7e7ec660-3e2f-453b-b01c-2ea32bb76f75,"Department of Exercise and Sport Science; LUNEX International University of Health, Exercise and Sports, Differdange","Department of Exercise and Sport Science; LUNEX International University of Health, Exercise & Sports, Differdange ## Department of Sport and Exercise Science; LUNEX International University of Health, Exercise and Sports, Differdange",LUXEMBOURG
2152db06-939c-4af8-9887-dafd063ce5e4,"Department of Infection and Immunity, Luxembourg Institute of Health, Esch-sur-Alzette","Department of Infection and Immunity, Luxembourg Institute of Health, Esch-sur-Alzette ## Luxembourg Institute of Health, Esch-sur-Alzette; Department of Infection and Immunity",LUXEMBOURG
b01820dd-27a5-4434-a5da-0a139cf070d4,"Department of Psychology, University of Luxembourg","Department of Psychology, University of Luxembourg ## University of Luxembourg; Department of Psychology",LUXEMBOURG
283e7237-677a-4107-ab89-398a60130628,"Department of Social Sciences; Faculty of Humanities, Education and Social Sciences; University of Luxembourg","Department of Social Sciences; Faculty of Humanities, Education and Social Sciences; University of Luxembourg ## Universitè du Luxembourg, Faculty of Humanities, Education and Social Sciences, Department of Social Sciences",LUXEMBOURG
8bca2995-3ba0-4e37-8b9e-57e28c8d42d4,"Equimotion Institut für Weiterbildung, Münschecke","Equimotion - Institut für Weiterbildung, Münschecker ## Equimotion Institut für Weiterbildung, Münschecke",LUXEMBOURG
8f3ed299-24f2-454e-9521-953632bb1b12,"Etudes et Formation, Luxemburg","Etudes et Formation, Luxemburg ## Etudes et formation, Bertrange ## Etudes et formation, Luxembourg",LUXEMBOURG
2abbbafd-c0f6-4377-bcc9-49ff43091721,"Faculty of Humanities, Education and Social Sciences, University of Luxembourg, Esch-sur-Alzette","Faculty of Humanities, Education and Social Sciences, University of Luxembourg, Esch-sur-Alzette ## Faculty of Humanities, Education and Social Sciences; University of Luxembourg, Esch-sur-Alzette ## Faculty of Humanities, Education and Social Sciences; University of Luxembourg, Esch/Alzette ## University of Luxembourg, Esch-sur-Alzette; Faculty of Humanities, Arts and Educational Sciences ## University of Luxembourg; Faculty of Humanities, Arts and Educational Science ## University of Luxembourg; Faculty of Humanities, Arts and Educational Sciences",LUXEMBOURG
f391723c-f815-4387-a530-97792a4182c6,"Faculty of Humanities, Education and Social Sciences; Luxembourg Center for Educational Testing (LUCET), University of Luxembourg","Dr. phil. habil. Axel Grund Research Scientist Luxembourg Centre for Educational Testing ^DDS LUCET; Faculty of Humanities, Education and Social Sciences; University of Luxembourg, Luxembourg ## Faculty of Humanities, Education and Social Sciences; Luxembourg Centre for Educational Testing (LUCET), University of Luxembourg ## Luxembourg Centre for Educational Testing (LUCET); Faculty of Humanities, Education and Social Sciences (FHSE); University of Luxembourg ## Luxembourg Centre for Educational Testing (LUCET); Faculty of Humanities, Education and Social Sciences; University of Luxembourg, Esch-sur-Alzette ## Luxembourg Centre for Educational Testing; Faculty of Humanities, Education and Social Sciences; University of Luxembourg",LUXEMBOURG
79702f56-c49f-4951-bd4b-d1939e52dd46,"Faculty of Humanities, Education and Social Sciences; University of Luxembourg, Maison des Sciences Humaines","Faculty of Humanities, Education and Social Sciences; University of Luxembourg ## Faculty of Humanities, Education and Social Sciences; University of Luxembourg, Maison des Sciences Humaines ## Faculty of Humanities, Education and Social Scienes, University of Luxembourg, Belval ## Fakultät für Geisteswissenschaften, Erziehungswissenschaften und Sozialwissenschaften; Universität Luxemburg ## University of Luxembourg; Faculty of Humanities, Education and Social Sciences ## Universität Luxembourg; Fakultät für Geisteswissenschaften, Erziehungswissenschaften und Sozialwissenschaften ## Universität Luxemburg; Fakultät für Geisteswissenschaften, Erziehungswissenschaften und Sozialwissenschaften",LUXEMBOURG
396b5b9e-ce00-470c-9cef-c90a5cbaf90c,"Hôpital Kirchberg, Luxembourg, Research Unit in Clinical Psychology","Hôpital Kirchberg, Luxembourg, Research Unit in Clinical Psychology ## Hôpital Kirchberg, Luxembourg; Research Unit in Clinical Psychology ## Kirchberg Hospital Luxembourg, Clinical Psychology, Research Unit",LUXEMBOURG
be892a73-6e07-4542-97aa-d27072681111,"Hopital Kirchberg, Luxemburg","Hopital Kirchberg, Luxemburg ## Kirchberg Hospital",LUXEMBOURG
1a053b9c-95c9-4fdc-8d34-01b4cd17bf72,"Hôpitaux Robert Schuman, Luxembourg; ZithaKlinik; Center for Health Promotion","Hôpitaux Robert Schuman, Luxembourg; ZithaGesondheetsZentrum ## Hôpitaux Robert Schuman, Luxembourg; ZithaKlinik; Center for Health Promotion ## ZithaGesondheetsZentrum, Luxembourg, ZithaKlinik, Hôpitaux Robert Schuman",LUXEMBOURG
252514c9-6c62-4be2-8397-34e93e267a04,"Institut für Lebensspannenentwicklung, Familie und Kultur, University of Luxemburg, Esch-sur-Alzette","Institut für Lebensspannenentwicklung, Familie und Kultur, Universität Luxemburg, Esch-sur-Alzette ## Institut für Lebensspannenentwicklung, Familie und Kultur; Universität Luxemburg, Esch-sur-Alzette",LUXEMBOURG
9447ad11-04f8-44ee-8820-a41b12b14dc8,"Institut ReFoC, Biwer","Institut ReFoC; Biwer ## Institut ReFoC, Biwer",LUXEMBOURG
72fe1cce-5581-45c9-9d5c-5bbf120472ac,"Institut Supérieur d'Etudes et de Recherches Pédagogiques, Walferdange","Institut Supérieur d'Etudes et de Recherches Pédagogiques, Walferdange ## Institut Supérieur d'Etudes et de Recherches Pédagogiques, Walferdange",LUXEMBOURG
2592c420-068f-4c5e-84b3-5e9d41ff72fe,"Institute for Health and Behavior, Research Group of Health Promotion and Aggression Prevention, University of Luxembourg, Esch-sur-Alzette","Institute for Health and Behavior, Research Group of Health Promotion and Aggression Prevention, University of Luxembourg, Esch-sur-Alzette ## University of Luxembourg, Esch-Sur-Alzette; Institute for Health and Behaviour; Health Promotion and Aggression Prevention ## University of Luxembourg; Institute for Health and Behaviour, Health Promotion and Aggression Prevention",LUXEMBOURG
d80e6529-7f45-4190-8aea-54e56db3af32,"Institute of Cognitive Science and Assessment (COSA), University of Luxembourg, Esch-sur-Alzette","Cognitive Science & Assessment, University of Luxembourg ## Cognitive Science & Assessment, University of Luxembourg, Esch-sur-Alzette ## Cognitive Science & Assessment, University of Luxembourg, Luxembourg City ## Cognitive Science and Assessment Institute (COSA), University of Luxembourg ## Cognitive Science and Assessment Institute, University of Luxembourg ## Cognitive Science and Assessment Institute, University of Luxembourg, Esch-sur-Alzette ## Cognitive Science and Assessment, University of Luxembourg ## Cognitive Science and Assessment, University of Luxembourg, Esch-sur-Alzette ## Institute of Cognitive Science and Assessment (COSA), University of Luxembourg ## Institute of Cognitive Science and Assessment (COSA), University of Luxembourg, Esch sur Alzette ## Institute of Cognitive Science and Assessment (COSA), University of Luxembourg, Esch-sur-Alzette ## Institute of Cognitive Science and Assessment, University of Luxembourg ## Institute of Cognitive Science and Assessment, Université du Luxembourg, Esch-sur-Alzette ## University of Luxembourg, Cognitive Science and Assessment (COSA) ## University of Luxembourg, Esch sur Alzette; Institute of Cognitive Science and Assessment COSA ## University of Luxembourg, Esch-sur-Alzette; COSA ## University of Luxembourg, Esch-sur-Alzette; Cognitive Science and Assessment ## University of Luxembourg, Esch-sur-Alzette; Institute of Cognitive Science and Assessment ## University of Luxembourg, Institute of Cognitive Science and Assessment (COSA) ## University of Luxembourg; Institute of Cognitive Science and Assessment ## University of Luxembourg; Luxembourg Cognitive Science and Assessment",LUXEMBOURG
171056e1-7b74-4dbe-a1e6-5d6f8b27d217,"Institute of Cognitive Science and Assessment (COSA); Department of Behavioral and Cognitive Sciences (DBCS); Faculty of Humanities, Education and Social Sciences (FHSE); University of Luxembourg","Department of Behavioural and Cognitive Sciences (DBCS), Faculty of Humanities, Education and Social Sciences (FHSE); Institute of Cognitive Science and Assessment (COSA), University of Luxembourg, Esch?sur?Alzette ## Institute of Cognitive Science and Assessment (COSA); Department of Behavioural and Cognitive Sciences (DBCS); Faculty of Humanities, Education and Social Sciences (FHSE); University of Luxembourg",LUXEMBOURG
4cb8a7c4-f7c1-4150-8dca-92b5508e99d1,"Institute of Education and Society, University of Luxembourg, Esch-sur-Alzette","Institute of Education & Society (InES), University of Luxembourg ## Institute of Education and Society, University of Luxembourg, Esch-Sur-Alzette",LUXEMBOURG
03862429-db3c-4848-9142-c313b7997788,"Laboratoire National de Santé, Luxembourg; Institute of Immunology","Laboratoire National de Santé, Luxembourg; Institute of Immunology ## Laboratoire National de Santé, Luxemburg; Institute of Immunology",LUXEMBOURG
5a618669-97bc-4fb7-8b95-619def2d61f6,"Luxembourg Center for Educational Testing (LUCET); Faculty of Humanities, Education, and Social Sciences; Maison des Sciences Humaines, Esch-sur-Alzette","LUCET, University of Luxembourg ## Luxembourg Centre for Educational Testing (LUCET), University of Luxembourg ## Luxembourg Centre for Educational Testing (LUCET), University of Luxembourg, Esch-sur-Alzette ## Luxembourg Centre for Educational Testing (LUCET), University of Luxembourg, L-4366 Esch-Belval ## Luxembourg Centre for Educational Testing, University of Luxembourg ## Luxembourg Centre for Educational Testing, University of Luxembourg, Esch-sur-Alzette ## Luxembourg Centre for Educational Testing, University of Luxembourg, Maison des Sciences Humaines, Esch-sur-Alzette ## Luxembourg Centre for Educational Testing, Université du Luxembourg, Esch-sur-Alzette ## Luxembourg Centre for Educational Testing; Faculty of Humanities, Education, and Social Sciences; Maison des Sciences Humaines, Eschsur-Alzette ## Luxembourg Centre of Educational Testing, University of Luxembourg ## University of Luxembourg, Esch-Sur-Alzette; LUCET Luxembourg Centre for Educational Testing ## University of Luxembourg, Esch-sur-Alzette; Centre for Educational Testing ## University of Luxembourg, Luxembourg Centre for Educational Testing ## University of Luxembourg, Luxembourg Centre for Educational Testing, Esch/Alzette",LUXEMBOURG
cd6887b4-1852-450a-bb2b-faf2c8a69dbe,"Luxembourg Institute of Health, Luxembourg; Center for Health Studies","Centre de Recherche Public Sante, Luxembourg; Centre d'Etudes en Sante ## Centre de Recherche Public de la Santè, Luxembourg; Centre for Health Studies",LUXEMBOURG
23bb84fb-22de-43a4-93f3-d941afdfb8c8,"Luxembourg Institute of Health, Luxembourg; Laboratoire Nationale de Santé; Institute of Immunology","Centre de Recherche Public de la Santé, Luxembourg; Laboratoire Nationale de Santé; Institute of Immunology ## Centre de Recherche Public-Santé, Luxembourg; Laboratoire National de Santé; Institute of Immunology",LUXEMBOURG
bbf51589-e743-4096-b364-0443a90c3b5c,"Luxembourg Institute of Science and Technology (LIST), Esch-sur-Alzette","Luxembourg Institute of Science and Technology ## Luxembourg Institute of Science and Technology (LIST), Esch-sur-Alzette",LUXEMBOURG
6a2ca60b-2bd8-48ae-afd0-b670d0b245f5,"Maison des Sciences Humaines, University of Luxembourg, Esch-sur-Alzette","Maison des Sciences Humaines, University of Luxembourg ## Maison des Sciences Humaines, University of Luxembourg, Esch-sur-Alzette ## University of Luxembourg - Maison des Sciences Humaines, 11 Porte des Sciences, 4366 Esch-sur-Alzette ## University of Luxembourg - Maison des Sciences Humaines, Esch‑sur‑Alzette ## Université de Luxembourg, Esch-sur-Alzette; Maison des Sciences Humaines ## Université du Luxembourg, Maison des Sciences Humaines, Esch-sur-Alzette",LUXEMBOURG
a2f9fdac-80ef-4642-a187-4432028b1f45,"Media and Experimental Laboratory, Department of Behavioral and Cognitive Sciences, University of Luxembourg","Media and Experimental Lab, Institute for Health and Behaviour, University of Luxembourg, Esch-sur-Alzette ## Media and Experimental Laboratory, Department of Behavioral and Cognitive Sciences, University of Luxembourg ## Media and Experimental Laboratory, Department of Behavioural and Cognitive Sciences, University of Luxembourg",LUXEMBOURG
97f930a2-bff9-4297-ba71-9d8c28ad8834,"Police Grand-Ducale, Luxembourg, Psychologischer Dienst","Police Grand-Ducale, Luxembourg ## Police Grand-Ducale, Luxembourg, Psychologischer Dienst",LUXEMBOURG
99575123-f958-434d-95e3-438a3142939d,"RBS-Center fir Altersfroën, Itzig","RBS Center fier Altersfroen, Itzig ## RBS Center fir Altersfroen, Itzig ## RBS-Center für Altersfroen, Itzig ## RBS^DDSCenter fir Altersfroen, Itzig",LUXEMBOURG
8f33d803-d9e0-4a8f-adee-8459b6ac9c6d,"RBS, Itzig, Diekirch","RBS, Itzig ## RBS, Itzig, Diekirch",LUXEMBOURG
4855ee7d-c647-43a7-b9ef-bc34cf128929,"Research Unit Applied Vocational Psychology and Policy (AVOPP), Esch-sur-Alzette","AVOPP Applied Vocational Psychology and Policy Research Unit, Esch-sur-Alzette ## Applied Vocational Psychology and Policy Research Unit (AVOPP), Belvaux",LUXEMBOURG
f30615e0-86c4-446c-bb46-9030e320f10a,"Research Unit Education, Culture, Cognition and Society (ECCS), Institute for LifeLong Learning and Guidance, University of Luxembourg, Esch-sur-Alzette","ECCS, Institute for LifeLong Learning and Guidance, University of Luxembourg, Esch-sur-Alzette ## ECCS, Institute of Lifelong Learning & Guidance, University of Luxembourg ## University of Luxembourg, ECCS, LLLG Institute LifeLong Learning and Guidance, Esch Sur Alzette ## University of Luxembourg; ECCS; Institute for Lifelong Learning and Guidance",LUXEMBOURG
02b7198a-040f-4916-b38e-b351e77559df,University of Luxembourg,"Centre Universitaire de Luxembourg ## Centre Universitaire de Luxembourg, Luxembourg ## Luxembourg University ## University of Luxembourg ## University of Luxembourg, Luxembourg ## University of Luxembourg, Luxembourg City ## Universität Luxembourg ## Universität Luxemburg ## Universität Luxemburg, Soleuvre ## Université de Luxembourg ## Université du Luxembourg ## Université du Luxembourg",LUXEMBOURG
79d908d9-578a-470b-8fdf-f9091302ec3a,"University of Luxembourg, Esch-sur-Alzette","Universite du Luxembourg, Esch-sur-Alzette ## University of Luxembourg, Esch Belval ## University of Luxembourg, Esch Sur Alzette ## University of Luxembourg, Esch-Belval ## University of Luxembourg, Esch-Sur-Alzette ## University of Luxembourg, Esch-sur-Alzette ## University of Luxembourg, L-4366 Esch-Belval ## Universität Luxembourg, Esch-sur-Alzette ## Universität Luxemburg, Esch-sur-Alzette ## Université de Luxembourg, Esch ## Université du Luxembourg, Esch ## Université du Luxembourg, Esch/Alzette ## Université du Luxembourg, Esch‑sur‑Alzette",LUXEMBOURG
e751182a-9e57-4beb-bc78-adce59742128,"University of Luxembourg, Esch-sur-Alzette, Faculty of Language and Literature, Humanities, Arts and Education (FLSHASE), Maison des Sciences Humaines","Faculty of Language and Literature, Humanities, Arts and Education; University of Luxembourg, Esch-sur-Alzette ## Faculty of Language and Literature, Humanities, Arts and Education; University of Luxembourg; Belval Campus; Maison des Sciences Humaines; Esch-sur-Alzette ## Faculté des Lettres, des Sciences Humaines, des Arts et des Sciences de l^D>'Education; University of Luxembourg; Maison des Sciences Humaines; Esch-sur-Alzette ## Fakultät für Sprachwissenschaften und Literatur, Geisteswissenschaften, Kunst und Erziehungswissenschaften; Universität Luxemburg, Esch-sur-Alzette ## Fakultät für Sprachwissenschaften und Literatur, Kunst und Erziehungswissenschaften; Universität Luxemburg, Esch-sur-Alzette ## University of Luxembourg, Esch-Belval; Faculty of Language and Literature, Humanities, Arts and Education ## University of Luxembourg, Esch-sur-Alzette, Faculty of Language and Literature, Humanities, Arts and Education ## University of Luxembourg, Esch-sur-Alzette; Faculty of Language and Literature, Humanities, Arts, and Education ## University of Luxembourg, Esch-sur-Alzette; Faculté des Lettres, des Sciences Humaines, des Arts et des Sciences de l'Education ## University of Luxembourg, Esch-sur-Alzette; MSH ## University of Luxembourg, Luxembourg; Faculty of Language and Literature, Humanities, Arts and Education; Research Unit INSIDE ## University of Luxembourg; Faculty of Language and Literature, Humanities, Arts and Education (FLSHASE) ## University of Luxembourg; Faculty of Language and Literature, Humanities, Arts and Education; Campus Belval, Maison des Sciences Humaines ## University of Luxembourg; Faculty of Language and Literature, Humanities, Arts and Education; Education Culture, Cognition and Society ECCS ## University of Luxembourg; Faculté des Lettres, des Science Humaines, des Arts et des Sciences de l'Education; Maison des Sciences Humaines ## University of Luxembourg; Faculté des Lettres, des Sciences Humaines, des Arts et des Sciences de l'Education; Esch-sur-Alzette ## University of Luxemburg, Esch-sur-Alzette; Faculty of Language and Literature, Humanities, Art and Education ## University of Luxemburg, Esch-sur-Alzette; Faculty of Language and Literature, Humanities, Arts, and Education; LCMI Research Unit ## Universität Luxembourg, Esch-sur-Alzette; Fakultät für Sprachwissenschaften und Literatur, Geisteswissenschaften, Kunst und Erziehungswissenschaften ## Universität Luxembourg, Faculty of Language and Literature, Humanities, Arts and Education ## Universität Luxembourg; Fakultät für Sprachwissenschaften und Literatur ## Universität Luxembourg; Fakultät für Sprachwissenschaften und Literatur, Geisteswissenschaften, Kunst und Erziehungswissenschaften ## Universität Luxemburg, Walferdange; Fakultät für Sprachwissenschaften und Literatur, Geisteswissenschaften, Kunst und Erziehungswissenschaften ## Universität Luxemburg; Fakultät für Sprachwissenschaften und Literatur, Geisteswissenschaften, Kunst und Erziehungswissenschaften ## Universität Luxemburg; Fakultät für Sprachwissenschaften und Literatur, Geisteswissenschaften, Kunst und Erziehungswissenschaften, Walferdange ## Université de Luxembourg, Walferdange; Fakultät für Sprachwissenschaften und Literatur, Geisteswissenschaften, Kunst und Erziehungswissenschaften ## Université du Luxembourg, Esch-sur-Alzette, FLSHASE ## Université du Luxembourg, FLSHASE Campus BELVAL, Maison des Sciences Humaines",LUXEMBOURG
5ba441a9-f67d-4584-857e-c89e9736fb29,"University of Luxembourg, Esch-sur-Alzette; Faculty of Language and Literature, Humanities, Arts and Education (FLSHASE); Institute of Cognitive Science and Assessment (COSA); Research Unit Education, Culture, Cognition and Society (ECCS)","Cognitive Science and Assessment Institute; Education, Culture, Cognition and Society Research Unit; Faculty of Language and Literature, Humanities, Arts and Education; University of Luxembourg; Esch-sur-Alzette ## Cognitive Science and Assessment Institute; Education, Culture, Cognition, and Society Research Unit; University of Luxemburg; Esch-sur Alzette ## Institute of Cognitive Science and Assessment, Education, Culture; Cognition and Society Research Unit; University of Luxembourg, Esch-sur-Alzette ## Institute of Cognitive Science and Assessment; Education, Culture, Cognition and Society Research Unit; University of Luxembourg; Esch-sur-Alzette ## Institute of Cognitive Science and Assessment; Research Unit Education, Culture, Cognition and Society; Faculty of Language and Literature, Humanities, Arts and Education; University of Luxembourg, Esch-sur-Alzette ## Institute of Cognitive Science and Assessment; Research Unit Education, Culture, Cognition and Society; Faculty of Language and Literature, Humanities, Arts and Education; University of Luxembourg; Luxembourg ## University of Luxembourg, Esch-Sur-Alzette; FLSHASE; Education, Culture, Cognition and Society Research Unit ECCS ## University of Luxembourg, Esch-sur-Alzette; Faculty of Language and Literature, Humanities, Arts and Education (FLSHASE); Institute of Cognitive Science and Assessment (COSA); Research Unit Education, Culture, Cognition and Society (ECCS) ## University of Luxembourg, Esch-sur-Alzette; Faculté des Lettres, des Sciences Humaines, des Arts et des Sciences de l'Education; ECCS Unit ## University of Luxembourg, Esch-sur-Alzette; Institute of Cognitive Science and Assessment (COSA); Research Unit Education, Culture, Cognition and Society (ECCS) ## University of Luxembourg, Esch-sur-Alzette; Institute of Cognitive Science and Assessment; Education, Culture, Cognition and Society Research Unit ## University of Luxembourg; FISHASE; Research Unit ECCS ## University of Luxembourg; FLSHASE Faculty of Language and Literature, Humanities, Arts, and Education; ECCS Research Unit Education, Culture, Cognition, and Society",LUXEMBOURG
1ff32b6b-a291-4245-b2d1-f9806e67f200,"University of Luxembourg, Esch-sur-Alzette; Faculty of Language and Literature, Humanities, Arts and Education (FLSHASE); Professur für Psychologisch-Pädagogische Diagnostik und Methode","Universität Luxembourg, Esch-sur-Alzette; Fakultät für Sprachwissenschaften und Literatur, Geisteswissenschaften, Kunst und Erziehungswissenschaften; Professur für Psychologisch-Pädagogische Diagnostik und Methode ## Universität Luxembourg, Esch-sur-Alzette; Fakultät für Sprachwissenschaften und Literatur, Geisteswissenschaften, Kunst und Erziehungswissenschaften; Professur für Psychologisch-Pädagogische Diagnostik und Methoden",LUXEMBOURG
210494d0-e648-4381-b1b5-703e66bd0a5e,"University of Luxembourg, Esch-sur-Alzette; Institute for Health and Behavior; Maison des Sciences Humaines; Research Unit on Social and Individual Development (INSIDE)","Addictive and Compulsive Behaviour Lab., Institute for Health and Behaviour, Integrative Research Unit on Social and Individual Development (INSIDE), University of Luxembourg, Esch-sur-Alzette, L-4365 Luxembourg ## Institute for Health and Behavior, FLSHASE/INSIDE, University of Luxembourg, Esch-sur-Alzette ## Institute for Health and Behavior, Research Unit INSIDE, University of Luxembourg ## Institute for Health and Behavior, University of Luxembourg ## Institute for Health and Behavior, University of Luxembourg, Esch-sur-Alzette ## Institute for Health and Behaviour, INSIDE, University of Luxembourg ## Institute for Health and Behaviour, INSIDE, University of Luxembourg, Esch-sur- Alzette ## Institute for Health and Behaviour, INSIDE, University of Luxembourg, Esch-sur-Alzette ## Institute for Health and Behaviour, Integrative Research Unit on Social and Individual Development, University of Luxembourg, 4366 Esch-sur-Alzette ## Institute for Health and Behaviour, Research Unit INSIDE, University of Luxembourg ## Institute for Health and Behaviour, Research Unit INSIDE, University of Luxembourg, Campus Belval Maison des Sciences Humaines 11, Esch-sur-Alzette ## Institute for Health and Behaviour, Research Unit INSIDE, University of Luxembourg, Esch-sur-Alzette ## Institute for Health and Behaviour, Research Unit INSIDE, University of Luxembourg, Luxembourg ## Institute for Health and Behaviour, Research Unit INSIDE, University of Luxembourg, Luxembourg City ## Institute for Health and Behaviour, University of Luxembourg ## Institute for Health and Behaviour, Universität Luxemburg Esch-sur-Alzette ## Research Unit INSIDE, Institute for Health and Behaviour, University of Luxembourg, Esch-sur-Alzette ## Research Unit INSIDE, Institute for Health and Behaviour, University of Luxembourg, Luxembourg City ## Research Unit INSIDE, University of Luxembourg ## Research Unit INSIDE, University of Luxembourg, Esch-Sur-Alzette ## Research Unit INSIDE, University of Luxembourg, Esch-sur-Alzette ## Research Unit INSIDE, Université du Luxembourg, Campus Belval, Maison des Sciences Humaines ## Research Unit INSIDE; Faculty of Language and Literature, Humanities, Arts and Education; 11, Porte des Sciences; University of Luxembourg; Esch-sur-Alzette ## Research Unit Inside, University of Luxembourg, Esch-sur-Alzette ## Universite du Luxembourg; Research Unit INSIDE ## University of Luxembourg, Esch Sur Alzette; Institute for Health and Behaviour ## University of Luxembourg, Esch-sur-Alzette; Campus Belval; Institute for Health and Behaviour ## University of Luxembourg, Esch-sur-Alzette; Institute for Health and Behavior; Research Unit INSIDE ## University of Luxembourg, Esch-sur-Alzette; Institute for Health and Behaviour; Maison des Sciences Humaines; Research Unit INSIDE ## University of Luxembourg, Esch-sur-Alzette; Institute for Health and Behaviour; Research Unit INSIDE ## University of Luxembourg, Esch-sur-Alzette; Research Unit INSIDE; Institute for Health and Behavior ## University of Luxembourg, Institute Health and Behav, Research Unit INSIDE, Luxembourg ## University of Luxembourg, Institute for Health and Behaviour ## University of Luxembourg, Institute for Health and Behaviour, Esch Sur Alzette ## University of Luxembourg, Institute for Health and Behaviour, Esch-sur-Alzette ## University of Luxembourg, Luxembourg; Research Unit INSIDE ## University of Luxembourg; INSIDE Research Unit ## University of Luxembourg; Institute for Health and Behavior ## University of Luxembourg; Institute for Health and Behavior; Research Unit INSIDE ## University of Luxembourg; Institute for Health and Behaviour ## University of Luxembourg; Institute for Health and Behaviour; Research Unit INSIDE ## University of Luxembourg; Research Unit INSIDE ## University of Luxembourg; Research Unit INSIDE; Institute for Health and Behaviour ## Universität Luxembourg, Esch-sur-Alzette, Institute for Health and Behavior ## Université du Luxembourg, Esch-Alzette; Research Unit INSIDE ## Université du Luxembourg; Research Unit INSIDE ## nstitute for Health and Behavior, Integrative Research Unit on Social and Individual Development (INSIDE), University of Luxembourg, Esch-sur-Alzette",LUXEMBOURG
e7acc609-9823-4650-9525-9b463866351c,"University of Luxembourg, Esch-sur-Alzette; Institute of Cognitive Science and Assessment (COSA); Faculty of Language and Literature, Humanities, Arts and Education (FLSHASE)","Institute of Cognitive Science and Assessment (COSA); Faculty of Language and Literature, Humanities, Arts and Education; Université du Luxembourg; Esch-sur-Alzette ## University of Luxembourg, Esch-Belval; Institute of Cognitive Science and Assessment; Faculty of Language and Literature, Humanities, Arts and Education;",LUXEMBOURG
013078e7-f4d6-4a20-965f-399bde696321,"University of Luxembourg, Esch-sur-Alzette; Research Unit Education, Culture, Cognition and Society (ECCS)","ECCS Unit, University of Luxembourg ## ECCS unit, University of Luxembourg ## ECCS unit, University of Luxembourg, Esch-sur-Alzette ## ECCS, University of Luxembourg ## Education, Culture, Cognition, and Society Unit, University of Luxembourg ## University of Luxembourg, ECCS unit ## University of Luxembourg, Esch Sur Alzette; Education, Culture, Cognition and Society Unit ## University of Luxembourg, Esch-Belval, ECCS ## University of Luxembourg, Esch-Belval; ECCS research unit ## University of Luxembourg, Esch-sur-Alzette, ECCS unit ## University of Luxembourg, Esch-sur-Alzette; ECCS Unit ## University of Luxembourg, Esch-sur-Alzette; Education, Culture, Cognition, & Society Unit ## University of Luxembourg, Esch-sur-Alzette; Education, Culture, Cognition, and Society ECCS ## University of Luxembourg, Esch-sur-Alzette; Research Unit for Education, Culture, Cognition, and Society ## University of Luxembourg, Walferdange; Education, Culture, Cognition and Society ECCS Research Unit ## University of Luxembourg, Walferdange; Education, Culture, Cognition and Society Research Unit ## University of Luxembourg; Campus Belval; ECCS Research Unit ## University of Luxembourg; Department of Education, Culture, Cognition, and Society ## University of Luxembourg; ECCS unit ## University of Luxembourg; Education, Culture, Cognition and Society EMACS ## University of Luxembourg; Education, Culture, Cognition and Society Unit ## University of Luxembourg; Education, Culture, Cognition, & Society Unit; Esch-sur-Alzette ## University of Luxembourg; Research Unit ECCS - Education, Culture, Cognition and Society",LUXEMBOURG
21b30b99-0a78-4b13-ae0a-1a6bf4e2abb9,"University of Luxembourg, Maison des Sciences Humaines","Maison de Sciences Humaines, Université du Luxembourg ## Universität Luxembourg, Maison des Sciences Humaines ## Université du Luxembourg; Maison des Sciences Humaines",LUXEMBOURG
604c4d2d-95e2-4591-8322-78dd384479d5,"University of Luxembourg, Walferdange","University of Luxembourg, Walfderdange ## University of Luxembourg, Walferdange ## Universität Luxembourg, Walferdange ## Université de Luxembourg, Walferdange ## Université du Luxembourg, Walferdange",LUXEMBOURG
f8a416dd-cbb6-4545-ac12-be6f1abec9f4,"University of Luxembourg, Walferdange; Faculty of Language and Literature, Humanities, Arts and Education (FLSHASE)","Universite du Luxembourg, Walferdange; Faculte des Lettres, des Sciences humaines, des Arts et des Sciences de l'Education (FLSHASE) ## University of Luxembourg, Campus Walferdange; Faculty of Language and Literature, Humanities, Arts and Education ## University of Luxembourg, Walferdange; Faculty of Language and Literature ## University of Luxembourg, Walferdange; Faculty of Language and Literature, Humanities, Arts and Education ## Universität Luxembourg, Walferdange; Faculté des Lettres, des Sciences Humaines, des Arts et des Sciences ## Universität Luxemburg, Walferdange; Faculté LSHASE ## Universität Luxemburg, Walferdange; Faculté des Lettres, des Sciences Humaines, des Arts et des Sciences de l'Education ## Université de Luxembourg; Faculté des Lettres, des Sciences Humaines, des Arts et des Sciences ## Université du Luxembourg Faculté des Lettres, des Sciences Humaines, des Arts et des Sciences de l'Education ## Université du Luxembourg, Walferdange; Faculté des Lettres, des Sciences Humaines, des Arts et des Sciences de l'Education ## Université du Luxembourg; Faculté des Lettres des Sciences Humaines des Arts et des Sciences de l'Education ## Université du Luxembourg; Faculté des Lettres, des Sciences Humaines, des Arts et des Sciences de l'Education",LUXEMBOURG
7c6879e2-9636-4c3b-bb0e-3a2f61e074f8,"University of Luxembourg, Walferdange; Institute for Health and Behavior","University of Luxembourg, Walferdange; Institut für Health and Behaviour ## University of Luxembourg, Walferdange; Institute for Health and Behaviour ## Université de Luxembourg; Institute for Health and Behaviour",LUXEMBOURG
20491de2-9fe0-475c-b5d6-0f788d1f5ac3,"University of Luxembourg, Walferdange; Institute of Cognitive Science and Assessment (COSA); Faculty of Language and Literature, Humanities, Arts and Education (FLSHASE); Research Unit Education, Culture, Cognition and Society (ECCS)","Cognitive Science and Assessment, ECCS Unit, University of Luxembourg ## Cognitive Science and Assessment, ECCS unit, University of Luxembourg ## Education, Culture, Cognition and Society; Cognitive Science and Assessment; University of Luxembourg ## Research Unit Education, Culture, Cognition and Society (ECCS), Institute of Cognitive Science and Assessment (COSA), University of Luxembourg, L-4366 Esch-Belval ## University of Luxembourg, Walferdange; Education, Culture, Cognition and Society; Institute of Cognitive Science and Assessment ## University of Luxembourg, Walferdange; Institute of Cognitive Science and Assessment COSA; Education, Culture, Cognition and Society ECCS unit ## University of Luxembourg, Walferdange; Institute of Cognitive Science and Assessment; FLSHASE ECCS Unit ## University of Luxembourg; ECCS Unit; Cognitive Science and Assessment ## University of Luxembourg; Institute of Cognitive Science and Assessment, Education, Culture, Cognitive and Society research Unit",LUXEMBOURG
4b7326bf-2395-47c6-8e79-054ecdcf97a1,"University of Luxembourg, Walferdange; Research Unit Educational Measurement and Applied Cognitive Science (EMACS)","Univeristy of Luxembourg; Research Center for Educationl Measurement and Applied Cognitive Science ## Universite du Luxembourg, Walferdange; Educational Measurement and Applied Cognitive Science ## University of Luxembourg, Luxembourg-Kirchberg; EMACS Unit ## University of Luxembourg, Walfderdange; EMACS Research Unit ## University of Luxembourg, Walferdange; Center for Educational Measurement and Applied Cognitive Science ## University of Luxembourg, Walferdange; EMACS Research Unit ## University of Luxembourg, Walferdange; EMACS research unit ## University of Luxembourg, Walferdange; Research Center for Educational Measurement and Applied Cognitive Science ## University of Luxembourg, Walferdange; Unit of Educational Measurement and Applied Cognitive Science ## University of Luxembourg; Center for Educational Measurement and Applied Cognitive Science ## University of Luxembourg; Centre for Educational Measurement and Applied Cognitive Science ## University of Luxembourg; Centre for Educational Measurement and Applied Cognitive Science EMACS ## University of Luxembourg; EMACS Research Unit ## University of Luxembourg; Educational Measuremens and Applied Cognitive Science Department ## University of Luxembourg; Educational Measurement and Applied Cognitive Science ## University of Luxembourg; Educational Measurement and Applied Cognitive Science EMACS ## University of Luxembourg; Educational Measurement and Applied Cognitive Science Research Unit ## University of Luxembourg; Research Center for Educational Measurement and Applied Cognitive Science ## University of Luxembourg; Research Unit Educational Measurement and Applied Cognitive Science ## University of Luxembourg; Unit of Educational Measurement and Applied Cognitive Science",LUXEMBOURG
8e1aa613-2692-4584-87ab-2897404709e5,"University of Luxembourg, Walferdange; Research Unit Educational Measurement and Applied Cognitive Science (EMACS); Faculty of Language and Literature, Humanities, Arts and Education (FLSHASE)","University of Luxembourg, Walferdange; EMACS Unit; FLSHASE ## University of Luxembourg; EMACS Unit; FLSHASE ## University of Luxembourg; Faculte des Lettres; Educational Measurement and Applied Cognitive Science Unit ## Universität Luxemburg; Fakultät für Sprachwissenschaften und Literatur, Geisteswissenschaften, Kunst und Erziehungswissenschaften; Forschungsgruppe für Educational Measurement and Applied Cognitive Science - EMACS",LUXEMBOURG
ad168bc8-a019-4d46-a2a3-96451c508149,"University of Luxembourg, Walferdange; Research Unit on Social and Individual Development (INSIDE)","Integrative Research Unit on Social and Individual Development (INSIDE), University of Luxembourg, Esch-sur-Alzette ## Integrative Research Unit on Social and Individual Development, University of Luxembourg ## Integrative Research Unit on Social and Individual Development, University of Luxembourg, Esch-sur-Alzette ## Universite du Luxembourg, Walferdange; Research Unit INSIDE ## Universite du Luxembourg, Walferdange; Research Unit Inside ## University of Luxembourg, Esch-sur-Alzette; INSIDE - Integrative Research Unit on Social and Individual Development ## University of Luxembourg, Integrative Research Unit on Social and Individual Development (INSIDE) ## University of Luxembourg, Walferdange, INSIDE - Integrative Research Unit on Social and Individual Development ## University of Luxembourg, Walferdange; INSIDE - Integrative Research Unit on Social and Individual Development ## University of Luxembourg, Walferdange; INSIDE Research Unit ## University of Luxembourg, Walferdange; Research Unit INSIDE ## University of Luxembourg, Walferdange; Research Unit INSIDE; FLSHASE ## Universität Luxembourg, Walferdange; Forschungseinheit INSIDE ## Universität Luxembourg, Walferdange; Research Unit INSIDE ## Universität Luxembourg; Integrative Research Unit: Social and Individual Development (INSIDE) ## Universität Luxemburg, Walferdange; Forschungseinheit INSIDE ## Universität Luxemburg; Integrative Research Unit: Social and Individual Development ## Université de Luxembourg, Walferdange; Research Unit INSIDE ## Université de Luxembourg; Unité de Recherche INSIDE ## Université du Luxembourg, Esch-sur-Alzette; Unité de recherche INSIDE ## Université du Luxembourg; Unité de recherche INSIDE ## Unviersity of Luxembourg, Walferdange; Research Unit INSIDE",LUXEMBOURG
9fcab828-4413-453c-b5bd-9b174ad579cc,University of Luxembourg; Department of Psychology and Educational Sciences; Research Unit Educational Measurement and Applied Cognitive Science (EMACS),"University of Luxembourg, EMACS Unit ## University of Luxembourg; Department of Psychology and Educational Sciences; EMACS Unit ## University of Luxembourg; Department of Psychology and Educational Sciences; Educational Measurement and Applied Cognitive Science Unit ## University of Luxembourg; EMACS Unit ## University of Luxembourg; EMACs unit",LUXEMBOURG
4dac2879-3d89-4425-be50-e2af2ea31d8c,"University of Luxembourg; Faculty of Humanities, Arts and Educational Science","University of Luxembourg, Walferdange; Faculty of Humanities, Arts and Educational Sciences ## University of Luxembourg, Walferdange; Faculty of Language and Literature, Humanities, Arts and Educational Sciences",LUXEMBOURG
ac5180b7-d475-4f1b-a1ef-eaaf3ca41809,"University of Luxembourg; Faculty of Language and Literature, Humanities, Arts and Education (FLSHASE); Luxembourg Center for Educational Testing (LUCET)","Faculty of Language and Literature, Humanities, Arts and Education; Luxembourg Centre for Educational Testing (LUCET), University of Luxembourg, Esch-sur-Alzette ## Luxembourg Centre for Educational Testing; Faculty of Language and Literature, Humanities, Arts and Education; University of Luxembourg; Luxembourg ## University of Luxembourg, Esch-sur-Alzette; Faculty of Language and Literature, Humanities, Arts and Education (FLSHASE); Centre for Educational Testing (LUCET) ## University of Luxembourg, Walferdange; Faculty of Language and Literature, Humanities, Arts and Education FLASHASE; Luxembourg Centre for Educational Testing LUCET ## University of Luxembourg; FLSHASE Faculty of Language and Literature, Humanities, Arts, and Education; Luxembourg Centre for Educational Testing (LUCET) ## University of Luxembourg; FLSHASE; Research and Transfer Centre LUCET ## University of Luxembourg; Faculty of Language and Literature, Humanities, Arts and Education ## University of Luxembourg; Faculty of Language and Literature; Humanities, Arts and Education ## University of Luxembourg; Luxembourg Centre for Educational Testing; Faculty of Language and Literature, Humanities, Arts and Education ## University of Luxemburg; Faculty of Language and Literature, Humanities, Arts and Education ## University of Luxemburg; Faculty of Language and Literature; Humanities, Arts and Education",LUXEMBOURG
a8a7e57c-f990-405c-af26-cb2bb7026c1e,"University of Luxembourg; Faculty of Language and Literature, Humanities, Arts and Education (FLSHASE); Research Unit Languages, Culture, Media and Identities (LCMI)","University of Luxembourg, Luxembourg; FLSHASE LCMI Research Unit ## University of Luxembourg; FLSHASE LCMI Research Unit ## University of Luxembourg; Faculty of Language and Literature, Humanities, Arts and Education FLSHASE; Languages, Culture, Media and Identities LCMI Research Unit ## University of Luxembourg; Languages, Culture, Media and Identities Research Unit",LUXEMBOURG
12024cb6-45a8-4afa-8c9c-ecbc298788ae,University of Luxembourg; Laboratoire National de Santé; Toxicologie,"Laboratoire National de Santé, Dudelange; Toxicology ## Université du Luxembourg; Laboratoire National de Santé; Toxicologie",LUXEMBOURG
79c89bc4-f558-45dd-a34a-e8fa69d9dd50,University of Luxembourg; Laboratory of Neurophysiology and Psychobiology,University of Luxembourg; Laboratory of Neurophysiology & Psychobiology ## University of Luxembourg; Laboratory of Neurophysiology and Psychobiology,LUXEMBOURG
6541b6eb-45ec-4936-adbc-401616c445ff,University of Luxembourg; Luxembourg Center for Educational Testing (LUCET); Institute of Cognitive Science and Assessment (COSA),"University of Luxembourg, Esch Sur Alzette; LUCET ## University of Luxembourg; Centre for Educational Testing; Institute of Cognitive Science and Assessment ## University of Luxembourg; LUCET; Luxembourg Center for Educational Testing ## University of Luxembourg; Luxembourg Center for Educational Testing ## University of Luxembourg; Luxembourg Center for Educational Testing LUCET; Campus Belval",LUXEMBOURG
b728dab2-aee5-4c7a-ba41-f62f3518ab6a,University of Luxembourg; Research Unit on Social and Individual Development (INSIDE); Research Group Self-Regulation and Health,"Universite du Luxembourg; Research Unit INSIDE; Research Group Self-regulation and Health ## University of Luxembourg, Walferdange; Research Unit INSIDE; Research Group Self-Regulation and Health ## University of Luxembourg, Walferdange; Research Unit INSIDE; Sub-domain Self-Regulation and Health ## University of Luxembourg; Research Group Self-Regulation and Health; Research Unit INSIDE ## University of Luxembourg; Research Unit INSIDE; Research Group Self-Regulation and Health",LUXEMBOURG
1db03da4-d243-4937-a241-18ec6e0ddfa0,"University of Luxemburg, Walferdange; Faculty of Language and Literature, Humanities, Arts and Education (FLSHASE); Research Unit on Social and Individual Development (INSIDE)","University of Luxembourg, Integrat Research Unit Social and Individual Dev, Institute Health and Behav, Walferdange ## University of Luxembourg, Walferdange; Division of Clinical and Health Psychology; Research Unit INSIDE ## University of Luxembourg, Walferdange; ECCS Research Unit ## University of Luxembourg, Walferdange; INSIDE Research Center ## University of Luxembourg, Walferdange; INSIDE Research Centre ## University of Luxembourg, Walferdange; Institute for Health and Behavior; Research Unit inside ## University of Luxembourg, Walferdange; Institute for Health and Behaviour; INSIDE Research Unit ## University of Luxembourg, Walferdange; Integrative Research Unit on Social and individual Development ## University of Luxembourg, Walferdange; Intergrative Research Unit on Social and Individual Development ## University of Luxembourg, Walferdange; Research Unit INSIDE; Division of Clinical and Health Psychology ## University of Luxembourg, Walferdange; Research Unit INSIDE; Institute for Health and Behaviour ## University of Luxembourg, Walferdange; Unité de Recherche Inside ## University of Luxembourg; Institute for Health and Behavior; FLSHASE/INSIDE ## University of Luxembourg; Institute for Health and Behavior; Integrative Research Unit on Social and Individual Development INSIDE ## University of Luxembourg; Research Unit INSIDE; Campus Walferdange ## Universität Luxembourg, Walferdange; Inside Research Centre ## Universität Luxembourg, Walferdange; Integrative Research Unit on Social and Individual Development ## Universität Luxemburg, Walferdange; Fakultät für Sprachwissenschaften und Literatur, Geisteswissenschaften, Kunst und Erziehungswissenschaften; Forschungseinheit INSIDE ## Université du Luxembourg, Walferdange; FLHASE^DDSResearch Unit INSIDE; Département de psychologie ## Université du Luxembourg, Walferdange; INSIDE-Research Centre ## Université du Luxembourg, Walferdange; Integrative Research Unit: Social and Individual Development",LUXEMBOURG
03d257ac-746c-470f-9bb3-4903f3025c3a,University of Luxemburg; Section Psychology,Universität Luxemburg; Sektion Psychologie ## Université de Luxembourg; Section de Psychologie,LUXEMBOURG
bfcbde67-6f1b-43f8-adc4-2526a20456d2,ZithaSenior Luxembourg; Department of Research and Development,"Zitha Senior, Luxembourg; Department of Research and Development ## ZithaSenior Luxembourg; Department of Research and Development",LUXEMBOURG
bac68f93-4fdc-47a6-ada7-1253c957ad04,"ALAN - Maladies Rares Luxembourg, Kockelscheuer","ALAN - Maladies Rares Luxembourg, Kockelscheuer",LUXEMBOURG
30d33f7d-26e4-4e99-8669-49d37e8c62c4,"Alzheimer Europe, Luxembourg","Alzheimer Europe, Luxembourg",LUXEMBOURG
766c7063-62d9-4918-9035-8501b4cffb72,"Arbeitsgemeinschaft für Werbung, Markt- und Meinungsforschung, Luxemburg","Arbeitsgemeinschaft für Werbung, Markt- und Meinungsforschung, Luxemburg",LUXEMBOURG
e450dbbf-0f68-4876-9dba-d53eade73ba9,"Autisme Luxembourg a.S.B.L, 1, Beckerich","Autisme Luxembourg a.S.B.L, 1, Beckerich",LUXEMBOURG
480262c2-4e59-440d-bcf2-6ca39139f17e,"CEPS/INSTEAD, Esch-sur-Alzette","CEPS/INSTEAD, Esch-sur-Alzette",LUXEMBOURG
ebe92924-6431-4c62-884e-226eff8ece9e,"CRP-Sante, Luxembourg","CRP-Sante, Luxembourg",LUXEMBOURG
4991aaf4-9385-4446-bbad-0c890da6a336,"CRP-Sante, Strassen; Methodology and Statistics Unit","CRP-Sante, Strassen; Methodology and Statistics Unit",LUXEMBOURG
63354a95-8725-42c1-9c1e-d43ba400ca69,"Cargolux Airlines International, Luxembourg","Cargolux Airlines International, Luxembourg",LUXEMBOURG
ca7487e7-f37b-4948-95d1-758f7bd37ca5,Cellule de Recherche Itzig,Cellule de Recherche Itzig,LUXEMBOURG
c150cab4-b8eb-4b3a-b006-94ca5a01f102,"Center Hospital de Luxembourg, Service de Neurochirurgie","Center Hospital de Luxembourg, Service de Neurochirurgie",LUXEMBOURG
f40e3f6f-945e-45b7-8cb9-2d64d26ec7eb,"Hospital Center Emile Mayrisch, Dudelange; Department of Geriatrics","Hospital Center Emile Mayrisch, Dudelange; Department of Geriatrics",LUXEMBOURG
3af5df3f-95a4-4d56-a2fb-67073a16c089,"Hospital Center Emile Mayrisch, Luxembourg; Department of Neurology","Hospital Center Emile Mayrisch, Luxembourg; Department of Neurology",LUXEMBOURG
445aaa26-5831-41c2-bbfa-b1d3709eddd5,"Centre Hospitalier Neuro-Psychiatrique Luxembourg, Ettelbrück, Rehaklinik","Centre Hospitalier Neuro-Psychiatrique Luxembourg, Ettelbrück, Rehaklinik",LUXEMBOURG
301348d6-63cc-482c-b3e3-6d42c9a75ed6,"Centre Hospitalier Neuro-Psychiatrique, Ettelbrück, Bereich Suchtmedizin","Centre Hospitalier Neuro-Psychiatrique, Ettelbrück, Bereich Suchtmedizin",LUXEMBOURG
e15ce044-061b-471a-a4a1-adafc55ef448,"Centre Hospitalier Neuro-Psychiatrique, Luxembourg","Centre Hospitalier Neuro-Psychiatrique, Luxembourg",LUXEMBOURG
0abeaefe-ee76-487c-8497-15b18f76bd39,"Centre Hospitalier de Luxembourg, Département de Psychiatrie","Centre Hospitalier de Luxembourg, Département de Psychiatrie",LUXEMBOURG
799a0333-b64f-4c0b-b12d-6ce68379742a,Centre Hospitalier de Luxembourg; Department of Neuroscience,Centre Hospitalier de Luxembourg; Department of Neuroscience,LUXEMBOURG
3d042f0a-1d12-4ef1-a85e-1f43e077ff55,"Centre Hospitalier du Kirchberg, Luxembourg","Centre Hospitalier du Kirchberg, Luxembourg",LUXEMBOURG
f47b549d-f64c-4afd-9f01-8148ce646ecd,"Centre Hospitalier du Kirchberg, Luxembourg; Department of Psychiatry","Centre Hospitalier du Kirchberg, Luxembourg; Department of Psychiatry",LUXEMBOURG
37402132-856d-4afb-94ad-cc48014e4d00,"Centre de Compétence Parachèvement, Bettemburg","Centre de Compétence Parachèvement, Bettemburg",LUXEMBOURG
c7745109-033e-4cd2-8f26-040f22e40662,"Centre de Logopédie, Luxembourg","Centre de Logopédie, Luxembourg",LUXEMBOURG
3da0eaf0-cc05-44b9-9f6f-3a1e0e23634c,"Luxembourg Institute of Health, Luxembourg; Institute of Immunology","Luxembourg Institute of Health, Luxembourg; Institute of Immunology",LUXEMBOURG
cc62d75a-d338-4ebb-ada2-201210217591,"Public Research Center Henri Tudor, Luxembourg-Kirchberg","Public Research Center Henri Tudor, Luxembourg-Kirchberg",LUXEMBOURG
6ce8de44-bcbd-4913-ad37-aaced4cb6f46,"Luxembourg Institute of Health, Luxembourg","Luxembourg Institute of Health, Luxembourg",LUXEMBOURG
004c4afb-0722-4b14-b495-b17d4130b166,"Luxembourg Institute of Health, Luxembourg; Competence Centre of Methodology and Statistics","Luxembourg Institute of Health, Luxembourg; Competence Centre of Methodology and Statistics",LUXEMBOURG
d590eca5-0623-4629-b2e8-6ba819b28ba8,"Luxembourg Institute of Health, Luxembourg; Laboratory of Emotional Disorders","Luxembourg Institute of Health, Luxembourg; Laboratory of Emotional Disorders",LUXEMBOURG
fb8bc74a-b3c1-4f22-a8dd-cc9663a4cd45,"Luxembourg Institute of Health, Strassen; Center for Health Studies","Luxembourg Institute of Health, Strassen; Center for Health Studies",LUXEMBOURG
077fc117-70d8-45c0-bdca-eb2d4d4f0b16,"Centre for Memory and Mobility, Zitha, Luxembourg","Centre for Memory and Mobility, Zitha, Luxembourg",LUXEMBOURG
5fd90a0b-97a1-4aea-8a8a-17551d183585,"Centre for children and adolescents with Learning Disorders - Grand-Duchess Maria Teresa (CDA), Ministère de l''Éducation nationale","Centre for children and adolescents with Learning Disorders - Grand-Duchess Maria Teresa (CDA), Ministère de l''Éducation nationale",LUXEMBOURG
c4c7c3a7-b319-4662-a3f2-ebca381fc1a5,"Clinical Psychophysiology Laboratory (CLIPSLAB), Institute for Health and Behavior, Department of Behavioral and Cognitive Sciences, University of Luxembourg","Clinical Psychophysiology Laboratory (CLIPSLAB), Institute for Health and Behavior, Department of Behavioral and Cognitive Sciences, University of Luxembourg",LUXEMBOURG
f9d1b16b-4710-481f-ae93-a2967baef373,"Laboratory of Clinical Psychophysiology, Institute for Health and Behavior, Research Unit on Social and Individual Development (INSIDE), University of Luxembourg","Laboratory of Clinical Psychophysiology, Institute for Health and Behavior, Research Unit on Social and Individual Development (INSIDE), University of Luxembourg",LUXEMBOURG
78aa13f2-6d3a-47b7-b58f-dd045921ad8e,Clinique Bohler and Hôpital Kirchberg,Clinique Bohler and Hôpital Kirchberg,LUXEMBOURG
eb7e4d6c-025f-4ddc-9534-004de3248964,Co-Founder Zortify S.A.,Co-Founder Zortify S.A.,LUXEMBOURG
862172ec-cf67-461f-827d-27f7b0f17c1c,"Cognitive Neuroscience Lab, Department of Behavioral and Cognitive Sciences, Institute of Cognitive Science and Assessment (COSA), University of Luxembourg, Esch-sur-Alzette","Cognitive Neuroscience Lab, Department of Behavioral and Cognitive Sciences, Institute of Cognitive Science and Assessment (COSA), University of Luxembourg, Esch-sur-Alzette",LUXEMBOURG
ec13513b-6baf-47f6-adcb-dcee2fd896d5,"Competence Center for Methodology and Statistics, Luxembourg Institute of Health, 1445 Strassen","Competence Center for Methodology and Statistics, Luxembourg Institute of Health, 1445 Strassen",LUXEMBOURG
29cf7474-2bc9-42bf-9a51-e72c59bf1ea7,"DZ PRIVATBANK S.A., Strassen","DZ PRIVATBANK S.A., Strassen",LUXEMBOURG
47374220-0c35-48ad-96d5-7f97332187b1,"Department of Behavioral and Cognitive Sciences, Institute for Institute of Cognitive Science and Assessment (COSA) University of Luxembourg, Esch-sur-Alzette","Department of Behavioral and Cognitive Sciences, Institute for Institute of Cognitive Science and Assessment (COSA) University of Luxembourg, Esch-sur-Alzette",LUXEMBOURG
b9eab232-9f84-4114-a8e2-f909e84a49f8,"Department of Behavioral and Cognitive Sciences and Department of Geography and Spatial Planning, University of Luxembourg, Esch-sur-Alzette","Department of Behavioral and Cognitive Sciences and Department of Geography and Spatial Planning, University of Luxembourg, Esch-sur-Alzette",LUXEMBOURG
39ec3c86-068a-45b7-929e-6fe01f1853bc,"Department of Behavioral and Cognitive Sciences; Institute for Lifespan Development, Family, and Culture; University of Luxembourg","Department of Behavioral and Cognitive Sciences; Institute for Lifespan Development, Family, and Culture; University of Luxembourg",LUXEMBOURG
9983a1ac-cff3-4bd3-aaa3-c989c71b9e9c,"Department of Education and Social Work, Institute for Lifelong Learning and Guidance, University of Luxembourg","Department of Education and Social Work, Institute for Lifelong Learning and Guidance, University of Luxembourg",LUXEMBOURG
fec82528-21cb-4af6-b4c6-65f37f9a1885,"Department of Geography and Spatial Planning, University of Luxembourg, Esch-sur-Alzette","Department of Geography and Spatial Planning, University of Luxembourg, Esch-sur-Alzette",LUXEMBOURG
30389abe-f1c0-4193-8a3d-5a2a4da00b7f,"Department of Geography and Spatial Planning. Faculty of Humanities, Education and Social Sciences, University of Luxembourg","Department of Geography and Spatial Planning. Faculty of Humanities, Education and Social Sciences, University of Luxembourg",LUXEMBOURG
66533115-26f6-4e8e-8c87-2e7d672ecac7,"Department of Infection and Immunity, Luxembourg Institute of Health, Luxembourg, Luxembourg","Department of Infection and Immunity, Luxembourg Institute of Health, Luxembourg, Luxembourg",LUXEMBOURG
0f36c42f-2282-4e10-bbfb-54c8014f1849,"Department of Population Health, Luxembourg Institute of Health, Strassen","Department of Population Health, Luxembourg Institute of Health, Strassen",LUXEMBOURG
5e57126b-ff36-4137-a2ff-abde641f1b4d,"Department of Social Science, Institute of Education and Society, University of Luxembourg, Esch-sur-Alzette","Department of Social Science, Institute of Education and Society, University of Luxembourg, Esch-sur-Alzette",LUXEMBOURG
9cfef31e-c97a-44af-85b2-edc1c6a2594c,"Department of Social Sciences, University of Luxembourg, Esch-sur-Alzette","Department of Social Sciences, University of Luxembourg, Esch-sur-Alzette",LUXEMBOURG
2c927cc9-17d3-423d-ac4b-25357df1746e,"EUROCONTROL Aviation Learning Center, Luxembourg","EUROCONTROL Aviation Learning Center, Luxembourg",LUXEMBOURG
20ddea21-c63c-4161-a20a-324128073502,"Equimotion - Zertifizierte Reittherapie Ausbildung, Münschecker","Equimotion - Zertifizierte Reittherapie Ausbildung, Münschecker",LUXEMBOURG
951e5573-c5a1-4058-b6ff-1194dab2a11c,"European Union, Luxembourg; Institute for Labor Law and Industrial Relations","European Union, Luxembourg; Institute for Labor Law and Industrial Relations",LUXEMBOURG
514b4be0-2b8a-48e3-818d-0bd285937e1d,"Eurostat, Luxemburg","Eurostat, Luxemburg",LUXEMBOURG
d9f8d787-0ef6-4206-8354-e8ed1e25faa4,"Faculty of Humanities and Social Sciences, Institute of Education and Society, University of Luxembourg","Faculty of Humanities and Social Sciences, Institute of Education and Society, University of Luxembourg",LUXEMBOURG
eb326150-cfb0-4091-9230-0bd283d0dae1,"Faculty of Psychology, University of Luxembourg","Faculty of Psychology, University of Luxembourg",LUXEMBOURG
249a14e7-07b8-4437-8113-06222488da0c,"Foundation François-Elisabeth; Laboratory of Clinical Psychology, Health Psychology and Art Therapies","Foundation François-Elisabeth; Laboratory of Clinical Psychology, Health Psychology and Art Therapies",LUXEMBOURG
44b95166-da14-4557-867f-20716659bc3b,"Group Psylux, Neuroacademy and Traumainstitut Luxembourg, Cabinet de Psychologie and de Sciences de la Psychothérapie Khashayar Pazooki, Mamer","Group Psylux, Neuroacademy and Traumainstitut Luxembourg, Cabinet de Psychologie and de Sciences de la Psychothérapie Khashayar Pazooki, Mamer",LUXEMBOURG
c6cd5779-d02e-4281-ab2d-a5a19e122c02,"Groupe de Support Psychologique de Protection Civile, Mondorf","Groupe de Support Psychologique de Protection Civile, Mondorf",LUXEMBOURG
fe861684-da5e-4eb0-ab9b-7d7e5d25fc71,"Healthcast SA, Luxembourg","Healthcast SA, Luxembourg",LUXEMBOURG
87f46cfc-d89d-46a8-bdc8-a53932549142,"Heilpädagogischer Frühförderungsdienst, Luxemburg","Heilpädagogischer Frühförderungsdienst, Luxemburg",LUXEMBOURG
988554d1-334d-4467-94d9-1b2f15f65609,Hospital Center Luxembourg,Hospital Center Luxembourg,LUXEMBOURG
cf2fc789-1e83-4b99-8e78-e3f8840b6e75,"Human-Computer Interaction Research Group, University of Luxembourg","Human-Computer Interaction Research Group, University of Luxembourg",LUXEMBOURG
33241f50-beef-4f53-9f25-48af1edc3105,"Hôpital Kirchberg, Luxembourg; Laboratoire de recherche en Psychologie clinique","Hôpital Kirchberg, Luxembourg; Laboratoire de recherche en Psychologie clinique",LUXEMBOURG
91c8319e-2c04-4650-b02d-2388a2be0033,"Hôpital Kirchberg, Luxembourg; Service National de Psychiatrie Juvénile","Hôpital Kirchberg, Luxembourg; Service National de Psychiatrie Juvénile",LUXEMBOURG
767c245a-c2bb-46ec-8263-b9ee0afdeb82,"Hôpital Kirchberg, Luxemburg; Forschungseinheit Klinische Psychologie","Hôpital Kirchberg, Luxemburg; Forschungseinheit Klinische Psychologie",LUXEMBOURG
6e44b3a7-c1b9-4027-93a9-4dfa89711757,"ILIAS Laboratory, Dept. of Computer Science and Communication, FSTC, University of Luxembourg, Esch-sur-Alzette","ILIAS Laboratory, Dept. of Computer Science and Communication, FSTC, University of Luxembourg, Esch-sur-Alzette",LUXEMBOURG
078430fe-2822-49eb-a2f1-3b58b358a151,"Immune Endocrine Epigenetics Research Group, Department of Infection and Immunity, Luxembourg Institute of Health, Esch-sur-Alzette","Immune Endocrine Epigenetics Research Group, Department of Infection and Immunity, Luxembourg Institute of Health, Esch-sur-Alzette",LUXEMBOURG
dcb6321a-561e-490f-9281-7f32879dd586,Institut Pedagogique Luxembourg,Institut Pedagogique Luxembourg,LUXEMBOURG
c6698c8e-8eda-4907-9478-b0c5b83bcbfd,"Institut fir Psychologesch Gesondheetsfërderong, Bertrange","Institut fir Psychologesch Gesondheetsfërderong, Bertrange",LUXEMBOURG
d717a6b0-aa8e-43f6-8035-8be5449242ae,"Institut fir Psychologesch Gesondheetsförderung, Luxemburg","Institut fir Psychologesch Gesondheetsförderung, Luxemburg",LUXEMBOURG
954026f2-b6a0-4ff4-a0ac-86f182c03d3b,"Institute for Health and Behavior, Research Group Self-Regulation and Health, University of Luxembourg, Maison des Sciences Humaines","Institute for Health and Behavior, Research Group Self-Regulation and Health, University of Luxembourg, Maison des Sciences Humaines",LUXEMBOURG
60833ba0-fb43-4776-9562-423c4f4f7802,"Institute for Health and Behavior; Department of Behavioral and Cognitive Sciences; Faculty of Humanities, Education and Social Sciences; University of Luxembourg","Institute for Health and Behavior; Department of Behavioral and Cognitive Sciences; Faculty of Humanities, Education and Social Sciences; University of Luxembourg",LUXEMBOURG
c3c241c2-e9e6-490d-85b7-c19a542cfec4,"Kindertagesstätte, Kleinbettingen","Kindertagesstätte, Kleinbettingen",LUXEMBOURG
0fc343fa-b9fd-4182-b1b8-4b37fb14c6c1,"Kommission der Europäischen Gemeinschaft, Luxemburg","Kommission der Europäischen Gemeinschaft, Luxemburg",LUXEMBOURG
5cd98a49-b49c-45ec-b308-948669af35be,"Laboratoire de Psychologie clinique PCSA, Luxembourg","Laboratoire de Psychologie clinique PCSA, Luxembourg",LUXEMBOURG
adb1255d-bbba-432a-b146-5298fdc22c05,"LetzMath Sarl-s, Esch-sur-Alzette","LetzMath Sarl-s, Esch-sur-Alzette",LUXEMBOURG
484761fe-0c57-4b90-8f31-d65863361377,"Long term care facilites ALA, Pontalize","Long term care facilites ALA, Pontalize",LUXEMBOURG
3e67b510-e59d-4cdc-9edc-f52ec75d8ad8,"Luxembourg Institute of Socio-Economic Research (LISER), Esch-sur-Alzette","Luxembourg Institute of Socio-Economic Research (LISER), Esch-sur-Alzette",LUXEMBOURG
78e2d1a8-cc8e-40de-821e-e4e0fd1ce221,"Luxembourg Ministry of Education, Children and Youth, Luxembourg, Diekirch","Luxembourg Ministry of Education, Children and Youth, Luxembourg, Diekirch",LUXEMBOURG
5df5fe67-ee71-4a5d-87a2-eef34f1d71a3,"Luxembourg School of Religion and Society, Luxembourg","Luxembourg School of Religion and Society, Luxembourg",LUXEMBOURG
7485390d-d80e-4c60-b157-2b38a11da762,"Lycée des Arts et Métiers, Luxemburg; SPOS - Service de psychologie de d'orientation scolaires","Lycée des Arts et Métiers, Luxemburg; SPOS - Service de psychologie de d'orientation scolaires",LUXEMBOURG
a64c9918-04ec-405b-8b07-9fd66795d9df,"Machine Learning Solutions, Luxembourg","Machine Learning Solutions, Luxembourg",LUXEMBOURG
8207597d-03eb-4b75-892e-53fbf0832dd1,"Maison de Soins Op Lamp, Wasserbillig","Maison de Soins Op Lamp, Wasserbillig",LUXEMBOURG
549c512a-e985-4e02-8903-011ede5739a0,"Ministry of Higher Education and Research, Luxembourg","Ministry of Higher Education and Research, Luxembourg",LUXEMBOURG
3eeeb5b5-e6e0-4834-b3b2-d964b3acc40e,"Multisectoral Occupational Health Service, Luxembourg","Multisectoral Occupational Health Service, Luxembourg",LUXEMBOURG
717a8d4b-5c12-478a-8316-6e7eaa5a0c1f,Observatoire National de la Qualité Scolaire,Observatoire National de la Qualité Scolaire,LUXEMBOURG
83db8332-8e7b-400c-b6b7-3aa8661686ea,"Paediatric Clinic, Paediatric Endocrinology and Diabetology (DECCP), Centre Hospitalier de Luxembourg","Paediatric Clinic, Paediatric Endocrinology and Diabetology (DECCP), Centre Hospitalier de Luxembourg",LUXEMBOURG
046460a2-86dc-4702-b331-b5656ec64f14,"Paerd's Atelier A.S.B.L., Merscheid","Paerd's Atelier A.S.B.L., Merscheid",LUXEMBOURG
dd62ce00-b940-4517-a29f-a593299eb994,"Porte des Sciences, Esch-sur-Alzette","Porte des Sciences, Esch-sur-Alzette",LUXEMBOURG
f705c6d0-d319-4f32-9dcc-8574635f35ec,"Professur für Sozial- und Arbeitspsychologie, University of Luxemburg","Professur für Sozial- und Arbeitspsychologie, University of Luxemburg",LUXEMBOURG
a5fe6d27-9e5f-46c8-b59e-eb375c22f940,"Professur für digitales Lernen, University of Luxemburg","Professur für digitales Lernen, University of Luxemburg",LUXEMBOURG
321e0aa0-7154-40c5-b056-e29b78ca184c,"Psychotherapeutische Praxis, Luxemburg","Psychotherapeutische Praxis, Luxemburg",LUXEMBOURG
d448c56d-cda8-455f-af4d-c07830ec0f3f,"RBS-Center fir Altersfroën, Luxemburg","RBS-Center fir Altersfroën, Luxemburg",LUXEMBOURG
21cfd682-64f8-4bd7-a58d-30a26a2f82bb,"Research Group Early Childhood: Education and Care, University of Luxembourg","Research Group Early Childhood: Education and Care, University of Luxembourg",LUXEMBOURG
51e6585b-c81e-4246-91f2-137b59bd38c9,"Research Group Self-Regulation and Health; Institute for Health and Behavior; Department of Behavioral and Cognitive Sciences; Faculty of Humanities, Education and Social Sciences; University of Luxembourg, Esch-sur-Alzette","Research Group Self-Regulation and Health; Institute for Health and Behavior; Department of Behavioral and Cognitive Sciences; Faculty of Humanities, Education and Social Sciences; University of Luxembourg, Esch-sur-Alzette",LUXEMBOURG
73a56ac0-63ef-4372-9c52-5f5ec8f15112,"Research Group: Self-Regulation and Health; Department of Behavioral and Cognitive Sciences, University of Luxembourg, Esch-sur-Alzette","Research Group: Self-Regulation and Health; Department of Behavioral and Cognitive Sciences, University of Luxembourg, Esch-sur-Alzette",LUXEMBOURG
4af74d22-6d83-492e-b902-48736f7311ae,"Research Support Department, University of Luxembourg, Esch-sur-Alzette","Research Support Department, University of Luxembourg, Esch-sur-Alzette",LUXEMBOURG
e04d8632-0d28-4d57-b382-10102a5b7a65,"Research Unit Education, Culture, Cognition and Society (ECCS), Institute of Applied Educational Sciences, University of Luxembourg, Esch-sur-Alzette","Research Unit Education, Culture, Cognition and Society (ECCS), Institute of Applied Educational Sciences, University of Luxembourg, Esch-sur-Alzette",LUXEMBOURG
cadc0d1b-e2a1-4920-a025-dfb12cbba82a,"Research group Stress, Pain and Pain Modulation; Institute for Health and Behavior; University of Luxembourg","Research group Stress, Pain and Pain Modulation; Institute for Health and Behavior; University of Luxembourg",LUXEMBOURG
3a3e3c70-33ae-46b1-abd7-1e0b39220cb8,"Schule Roude Wee, Beles","Schule Roude Wee, Beles",LUXEMBOURG
f7c25dc5-dec0-417b-bfc9-5f9f64e0e7b5,"Sociéte Luxembourgeoise de Psychologie Adlérienne, Bertrange","Sociéte Luxembourgeoise de Psychologie Adlérienne, Bertrange",LUXEMBOURG
bb0b9766-96a1-42eb-ab50-8a4e0cf8ac9a,"St. Theresa Clinic, Luxembourg; Institute of Health Promotion","St. Theresa Clinic, Luxembourg; Institute of Health Promotion",LUXEMBOURG
f3998218-c312-4913-892a-7f83b34ac069,"Survey and Analysis Department, Technical Assistance Office to the European Commission, Leonardo da Vinci Programme","Survey and Analysis Department, Technical Assistance Office to the European Commission, Leonardo da Vinci Programme",LUXEMBOURG
d02b2459-e4ff-474e-8aa5-df9f6619c0b0,"Trebbipsicologie, Luxembourg and Societé Luxembourgeoise de Psychologie SLP","Trebbipsicologie, Luxembourg and Societé Luxembourgeoise de Psychologie SLP",LUXEMBOURG
4740e9ae-ced1-4581-82cc-4196c82c848e,"University of Luxembourg, Department of Economics and Management","University of Luxembourg, Department of Economics and Management",LUXEMBOURG
6a2d3199-f408-4bc7-8835-44661c9c97d2,"University of Luxembourg, Esch Sur Alzette; Institute for Research and Innovation in Social Work, Social Pedagogy, and Social Welfare (IRISS); Research Unit on Social and Individual Development (INSIDE); Maison des Sciences Humaines","University of Luxembourg, Esch Sur Alzette; Institute for Research and Innovation in Social Work, Social Pedagogy, and Social Welfare (IRISS); Research Unit on Social and Individual Development (INSIDE); Maison des Sciences Humaines",LUXEMBOURG
aeaeb25b-89ec-4f01-84d3-f8a3f0c13326,"University of Luxembourg, Esch-sur-Alzette; Maison des Sciences Humaines; Institute of Cognitive Science and Assessment (COSA)","University of Luxembourg, Esch-sur-Alzette; Maison des Sciences Humaines; Institute of Cognitive Science and Assessment (COSA)",LUXEMBOURG
cebb3c06-3f89-433d-bb87-9b4d7dcfa45b,"University of Luxembourg, Esch-sur-Alzette; Faculty of Language and Literature, Humanities, Arts and Education (FLSHASE); Research Unit Languages, Culture, Media and Identities (LCMI)","University of Luxembourg, Esch-sur-Alzette; Faculty of Language and Literature, Humanities, Arts and Education (FLSHASE); Research Unit Languages, Culture, Media and Identities (LCMI)",LUXEMBOURG
dd817f5c-9865-4cda-aa0d-396920df8312,"University of Luxembourg, Esch-sur-Alzette; Institute of Applied Educational Sciences","University of Luxembourg, Esch-sur-Alzette; Institute of Applied Educational Sciences",LUXEMBOURG
f4538328-cdc1-496c-8d4e-0d1ee2785d2d,"University of Luxembourg, Grevenmacher","University of Luxembourg, Grevenmacher",LUXEMBOURG
e4968e1e-a62a-44be-b022-05d3002bb17e,"University of Luxembourg, Luxembourg-Kirchberg","University of Luxembourg, Luxembourg-Kirchberg",LUXEMBOURG
cc17178b-8019-4260-8bf0-f5c16940faa9,"University of Luxembourg, Luxembourg-Kirchberg; Department of Psychology","University of Luxembourg, Luxembourg-Kirchberg; Department of Psychology",LUXEMBOURG
a34aec15-b1e9-4799-b0be-1b3fdc5eb2f9,University of Luxembourg; Life Sciences Research Unit,University of Luxembourg; Life Sciences Research Unit,LUXEMBOURG
a5d8f8e4-8b14-42bb-9f58-b592d35ce448,"University of Luxembourg, Maison des Sciences Humaines, Luxembourg Center for Educational Testing (LUCET)","University of Luxembourg, Maison des Sciences Humaines, Luxembourg Center for Educational Testing (LUCET)",LUXEMBOURG
7fe67c97-f753-434d-bbd8-efe136faf6be,"University of Luxembourg, PEARL Institute for Research on Socio-Economic Inequality, Luxembourg","University of Luxembourg, PEARL Institute for Research on Socio-Economic Inequality, Luxembourg",LUXEMBOURG
80ebde2b-aef4-4b42-89b1-aad5add6d8b3,"University of Luxembourg, Walfderdange; Research Unit Languages, Culture, Media and Identities (LCMI); Faculty of Language and Literature, Humanities, Arts and Education (FLSHASE)","University of Luxembourg, Walfderdange; Research Unit Languages, Culture, Media and Identities (LCMI); Faculty of Language and Literature, Humanities, Arts and Education (FLSHASE)",LUXEMBOURG
2fe5ec8f-40cb-4ae3-97b7-f617c386a369,"University of Luxembourg, Walferdange; Department of Social Psychology","University of Luxembourg, Walferdange; Department of Social Psychology",LUXEMBOURG
9fd0f40f-828e-4d25-abd8-90c10918aeee,"University of Luxembourg, Walferdange; Faculty of Language and Literature, Humanities, Arts and Education (FLSHASE); Institute of Cognitive Science and Assessment (COSA)","University of Luxembourg, Walferdange; Faculty of Language and Literature, Humanities, Arts and Education (FLSHASE); Institute of Cognitive Science and Assessment (COSA)",LUXEMBOURG
f724d05f-e31b-495b-9424-6fa91fbd8a7b,"University of Luxembourg, Walferdange; Faculty of Language and Literature, Humanities, Arts and Education (FLSHASE); Institute of Teacher Professionalization and Psychology of Education","University of Luxembourg, Walferdange; Faculty of Language and Literature, Humanities, Arts and Education (FLSHASE); Institute of Teacher Professionalization and Psychology of Education",LUXEMBOURG
ac338f54-bffe-4785-8009-22040545ed36,"University of Luxembourg, Walferdange; Research Field Institute of Education and Society; Faculty of Language and Literature, Humanities, Arts and Education (FLSHASE)","University of Luxembourg, Walferdange; Research Field Institute of Education and Society; Faculty of Language and Literature, Humanities, Arts and Education (FLSHASE)",LUXEMBOURG
0144ba55-7396-4c5b-8c65-27e4015a4ef9,University of Luxembourg; Department of Clinical Psychology and Psychotherapy,University of Luxembourg; Department of Clinical Psychology and Psychotherapy,LUXEMBOURG
15e1ff3f-3f05-47fc-ab03-c958464a41e0,University of Luxembourg; Engineering Design und Methodology,University of Luxembourg; Engineering Design und Methodology,LUXEMBOURG
187f665a-658d-4f82-a028-703b9b492194,"University of Luxembourg; Faculty of Science, Technology and Communication","University of Luxembourg; Faculty of Science, Technology and Communication",LUXEMBOURG
772b4ca0-de1d-4fef-830c-6b1474e52d6b,University of Luxembourg; Institute for Health and Behavior; Laboratory of Neurophysiology and Psychobiology,University of Luxembourg; Institute for Health and Behavior; Laboratory of Neurophysiology and Psychobiology,LUXEMBOURG
3d0b3c3e-f53e-474f-b1ba-aac7a7776292,"University of Luxembourg; Institute of Applied Educational Sciences; Physical Education, Motor Learning and Development","University of Luxembourg; Institute of Applied Educational Sciences; Physical Education, Motor Learning and Development",LUXEMBOURG
317581c5-576d-4906-b298-69445a9bd0fa,University of Luxembourg; Laboratory of Psychobiology and Neurophysiology; Research Unit on Social and Individual Development (INSIDE),University of Luxembourg; Laboratory of Psychobiology and Neurophysiology; Research Unit on Social and Individual Development (INSIDE),LUXEMBOURG
02a23793-a657-4619-9682-dbc108c81639,University of Luxembourg; Luxembourg Center for Systems Biomedicine,University of Luxembourg; Luxembourg Center for Systems Biomedicine,LUXEMBOURG
3dcf703f-089c-46cc-9544-35dca6bab980,"University of Luxembourg, Campus Limpertsberg","University of Luxembourg, Campus Limpertsberg",LUXEMBOURG
acea0a71-40ea-4892-b24f-f758899f1972,"University of Luxembourg, Maison des Sciences Humaines, EPSYLON Laborverbund","University of Luxembourg, Maison des Sciences Humaines, EPSYLON Laborverbund",LUXEMBOURG
197df97d-1324-4dcc-bc7b-46ae73471ace,"University of Luxemburg, Bivange","University of Luxemburg, Bivange",LUXEMBOURG
2bc51ce2-11bb-44fd-af4f-94d62d2d4990,"University of Luxemburg, Dudelange","University of Luxemburg, Dudelange",LUXEMBOURG
f65bd663-22ac-40d2-85a2-69b494c4e257,"University of Luxemburg, Entwicklungs- und Allgemeine Psychologie","University of Luxemburg, Entwicklungs- und Allgemeine Psychologie",LUXEMBOURG
59b4f869-7dfb-41ec-9ecb-bd924ecc43ff,"University of Luxemburg, Peppange","University of Luxemburg, Peppange",LUXEMBOURG
6c68e5cb-374d-4be8-a84e-ccc16c21b44b,Universitätszentrum Luxemburg; Psychologische Abteilung,Universitätszentrum Luxemburg; Psychologische Abteilung,LUXEMBOURG
a5290bcb-dc0e-4a23-8f18-2d77fca65b2a,"University of Luxembourg, Professur Entwicklungspsychologie","University of Luxembourg, Professur Entwicklungspsychologie",LUXEMBOURG
dc144968-a121-4841-902d-ed6c808e343d,"University of Luxembourg, Walferdange; Forschungsgruppe Educational Measruement and Applied Cognitive Science","University of Luxembourg, Walferdange; Forschungsgruppe Educational Measruement and Applied Cognitive Science",LUXEMBOURG
eee10aa0-418c-4b55-9542-282f5d585767,"University of Luxembourg; Faculty of Language and Literature, Humanities, Arts and Education (FLSHASE); Section de Psychologie","University of Luxembourg; Faculty of Language and Literature, Humanities, Arts and Education (FLSHASE); Section de Psychologie",LUXEMBOURG
b50247c6-77de-4f4e-82cc-08bef9b2beba,"Zentrum für Gesundheitsförderung, Fondation Hôpitaux Robert Schuman","Zentrum für Gesundheitsförderung, Fondation Hôpitaux Robert Schuman",LUXEMBOURG
88fe7ab6-d80d-4edb-b59e-7a36869d973e,"ZithaGesondheetsZentrum, Luxembourg","ZithaGesondheetsZentrum, Luxembourg",LUXEMBOURG
c4e9a5bf-5ca1-40e1-87a7-fab5f1aaa910,"ZithaKlinik, Luxembourg; Department of Neurology","ZithaKlinik, Luxembourg; Department of Neurology",LUXEMBOURG
90dcf99a-716b-4138-bf20-a167bb30a2df,risflecting ©,risflecting ©,LUXEMBOURG
