JTC,RV
0125,blindpeer
0153,blindpeer
0311,blindpeer
0417,blindpeer
0438,blindpeer
0534,blindpeer
0535,blindpeer
0536,blindpeer
0538,blindpeer
0541,blindpeer
0546,blindpeer
0547,blindpeer
0593,blindpeer
0601,blindpeer
0658,blindpeer
0661,blindpeer
0758,blindpeer
0769,blindpeer
0834,blindpeer
0839,blindpeer
0949,blindpeer
0950,blindpeer
0994,blindpeer
1025,blindpeer
1059,blindpeer
1167,blindpeer
1179,blindpeer
1271,blindpeer
1405,blindpeer
1409,blindpeer
1434,blindpeer
1593,blindpeer
1595,blindpeer
1596,blindpeer
1602,blindpeer
1607,blindpeer
1610,blindpeer
1620,blindpeer
1625,blindpeer
1630,blindpeer
1631,blindpeer
1636,blindpeer
1650,blindpeer
1684,blindpeer
1703,blindpeer
1704,blindpeer
1709,blindpeer
1715,blindpeer
1718,blindpeer
1731,blindpeer
1761,blindpeer
1776,blindpeer
1786,blindpeer
1818,blindpeer
1835,blindpeer
1953,blindpeer
2026,blindpeer
2249,blindpeer
2344,blindpeer
2397,blindpeer
2446,blindpeer
2472,blindpeer
2510,blindpeer
2519,blindpeer
2639,blindpeer
2650,blindpeer
2653,blindpeer
2675,blindpeer
2716,blindpeer
2866,blindpeer
2883,blindpeer
2913,blindpeer
3018,blindpeer
3036,blindpeer
3071,blindpeer
3086,blindpeer
3087,blindpeer
3118,blindpeer
3290,blindpeer
3446,blindpeer
3462,blindpeer
3593,blindpeer
3600,blindpeer
3703,blindpeer
4853,blindpeer
3713,blindpeer
4856,blindpeer
3936,blindpeer
4074,blindpeer
4078,blindpeer
4090,blindpeer
4168,blindpeer
4194,blindpeer
4219,blindpeer
4333,blindpeer
4372,blindpeer
4393,blindpeer
4439,blindpeer
4442,blindpeer
4468,blindpeer
4570,blindpeer
4728,blindpeer
4776,blindpeer
4949,blindpeer
5031,blindpeer
5067,blindpeer
0120,blindpeer
0270,blindpeer
1679,blindpeer
1698,blindpeer
2003,blindpeer
3127,blindpeer
0093,editorreviewed
0594,editorreviewed
0656,editorreviewed
0659,editorreviewed
0966,editorreviewed
0970,editorreviewed
1173,editorreviewed
1482,editorreviewed
1486,editorreviewed
1497,editorreviewed
1601,editorreviewed
1606,editorreviewed
1673,editorreviewed
1699,editorreviewed
1707,editorreviewed
1734,editorreviewed
1758,editorreviewed
1765,editorreviewed
2059,editorreviewed
2084,editorreviewed
2178,editorreviewed
2329,editorreviewed
2395,editorreviewed
2520,editorreviewed
2610,editorreviewed
3291,editorreviewed
3292,editorreviewed
3793,editorreviewed
4183,editorreviewed
4912,editorreviewed
1974,editorreviewed
1026,editorreviewed
1323,editorreviewed
0756,editorreviewed
1347,editorreviewed
3275,editorreviewed
4043,editorreviewed
1185,nonblindpeer
4403,nonblindpeer
0011,peerreviewed
0043,peerreviewed
0088,peerreviewed
0138,peerreviewed
0224,peerreviewed
0253,peerreviewed
0353,peerreviewed
0499,peerreviewed
0542,peerreviewed
0572,peerreviewed
0631,peerreviewed
0633,peerreviewed
0655,peerreviewed
0668,peerreviewed
0670,peerreviewed
0710,peerreviewed
0715,peerreviewed
0795,peerreviewed
0824,peerreviewed
0836,peerreviewed
0959,peerreviewed
1056,peerreviewed
1133,peerreviewed
1168,peerreviewed
1177,peerreviewed
1180,peerreviewed
1206,peerreviewed
1267,peerreviewed
1273,peerreviewed
1299,peerreviewed
1326,peerreviewed
1433,peerreviewed
1488,peerreviewed
1608,peerreviewed
1613,peerreviewed
1617,peerreviewed
1623,peerreviewed
1624,peerreviewed
1626,peerreviewed
1646,peerreviewed
1647,peerreviewed
1658,peerreviewed
1660,peerreviewed
1672,peerreviewed
1674,peerreviewed
1678,peerreviewed
1681,peerreviewed
1689,peerreviewed
1692,peerreviewed
1706,peerreviewed
1716,peerreviewed
1732,peerreviewed
1757,peerreviewed
1792,peerreviewed
1797,peerreviewed
1809,peerreviewed
1810,peerreviewed
1812,peerreviewed
1851,peerreviewed
1866,peerreviewed
1870,peerreviewed
1876,peerreviewed
1896,peerreviewed
1923,peerreviewed
1924,peerreviewed
1963,peerreviewed
2008,peerreviewed
2012,peerreviewed
2040,peerreviewed
2047,peerreviewed
2171,peerreviewed
2236,peerreviewed
2244,peerreviewed
2296,peerreviewed
2360,peerreviewed
2393,peerreviewed
2471,peerreviewed
2617,peerreviewed
2626,peerreviewed
2661,peerreviewed
2764,peerreviewed
2845,peerreviewed
2930,peerreviewed
2987,peerreviewed
3142,peerreviewed
3182,peerreviewed
3238,peerreviewed
3325,peerreviewed
3457,peerreviewed
3549,peerreviewed
3582,peerreviewed
3609,peerreviewed
3627,peerreviewed
3663,peerreviewed
3727,peerreviewed
3762,peerreviewed
3842,peerreviewed
4423,peerreviewed
4132,peerreviewed
4158,peerreviewed
4341,peerreviewed
4395,peerreviewed
4396,peerreviewed
4397,peerreviewed
4398,peerreviewed
4399,peerreviewed
4400,peerreviewed
4401,peerreviewed
4571,peerreviewed
4647,peerreviewed
4685,peerreviewed
5047,peerreviewed
5081,peerreviewed
0896,peerreviewed
1123,peerreviewed
1640,peerreviewed
0549,peerreviewed
4508,peerreviewed
2011,reviewed
2085,reviewed
0249,unknown
0315,unreviewed
0509,unreviewed
